<?xml version="1.0" encoding="UTF-8"?>
<!DOCTYPE suite SYSTEM "http://testng.org/testng-1.0.dtd">
<suite name="Suite" parallel="tests" thread-count="2">

	<listeners>
		<listener class-name="TestNG_Framework.Listeners" />
	</listeners>
	<test name="Car Loan">
		<classes>
			<class name="TestNG_Framework.CarLoan">
				<methods>
					<!-- <exclude name="carLoanAPILogin" /> -->
					<exclude name="car.*" />
				</methods>
			</class>
		</classes>
	</test>

	<test name="Personal Loan" parallel="classes" thread-count="2">
		<parameter name="URL" value="https://www.peronalhome.com" />
		<parameter name="API_KEY" value="12345" />
		<classes>
			<class name="TestNG_Framework.PersonalLoan">
				<methods>
					<include name="personalLoanMobileLogin" />
					<include name="personalLoanWebLogin" />
				</methods>
			</class>
		</classes>
	</test>


	<test name="Home Loan">
		<parameter name="URL" value="https://www.homeloan.com" />
		<classes>
			<class name="TestNG_Framework.HomeLoan" />
		</classes>
	</test>
</suite>